-- mod by k0n0
-- based on MC's template @ https://forums.civfanatics.com/resources/custom-civilization-modbuddy-template.28386/
--------------------------------------------------------------

insert into Types (Type, Kind)
values ('CIVILIZATION_K0_MONDSTADT', 'KIND_CIVILIZATION');


insert into Civilizations (CivilizationType,
							Name,
							Description,
							Adjective,
							StartingCivilizationLevelType,
							RandomCityNameDepth,
							Ethnicity)
values ('CIVILIZATION_K0_MONDSTADT',
		'LOC_CIVILIZATION_K0_MONDSTADT_NAME',
		'LOC_CIVILIZATION_K0_MONDSTADT_DESCRIPTION',
		'LOC_CIVILIZATION_K0_MONDSTADT_ADJECTIVE',
		'CIVILIZATION_LEVEL_FULL_CIV',
		15,
		'ETHNICITY_EURO');

-- localization and crap
insert into NamedMountains (NamedMountainType, Name)
values  ('NAMED_MOUNTAIN_STORMBEARER_MOUNTAINS', 'LOC_NAMED_MOUNTAIN_STORMBEARER_MOUNTAINS'),
		('NAMED_MOUNTAIN_STORMBEARER_POINT', 'LOC_NAMED_MOUNTAIN_STORMBEARER_POINT'),
		('NAMED_MOUNTAIN_STARSNATCH_CLIFF', 'LOC_NAMED_MOUNTAIN_STARSNATCH_CLIFF'),
		('NAMED_MOUNTAIN_DRAGONSPINE', 'LOC_NAMED_MOUNTAIN_DRAGONSPINE'),
		('NAMED_MOUNTAIN_ENTOMBED_CITY_-_ANCIENT_PALACE', 'LOC_NAMED_MOUNTAIN_ENTOMBED_CITY_ANCIENT_PALACE'),
		('NAMED_MOUNTAIN_ENTOMBED_CITY_-_OUTSKIRTS', 'LOC_NAMED_MOUNTAIN_ENTOMBED_CITY_OUTSKIRTS'),
		('NAMED_MOUNTAIN_STARGLOW_CAVERN', 'LOC_NAMED_MOUNTAIN_STARGLOW_CAVERN'),
		('NAMED_MOUNTAIN_SKYFROST_NAIL', 'LOC_NAMED_MOUNTAIN_SKYFROST_NAIL'),
		('NAMED_MOUNTAIN_BRIGHTCROWN_MOUNTAINS', 'LOC_NAMED_MOUNTAIN_BRIGHTCROWN_MOUNTAINS');

insert into NamedMountainCivilizations (CivilizationType, NamedMountainType)
values  ('CIVILIZATION_K0_MONDSTADT', 'NAMED_MOUNTAIN_STORMBEARER_MOUNTAINS'),
		('CIVILIZATION_K0_MONDSTADT', 'NAMED_MOUNTAIN_STORMBEARER_POINT'),
		('CIVILIZATION_K0_MONDSTADT', 'NAMED_MOUNTAIN_STARSNATCH_CLIFF'),
		('CIVILIZATION_K0_MONDSTADT', 'NAMED_MOUNTAIN_DRAGONSPINE'),
		('CIVILIZATION_K0_MONDSTADT', 'NAMED_MOUNTAIN_ENTOMBED_CITY_-_ANCIENT_PALACE'),
		('CIVILIZATION_K0_MONDSTADT', 'NAMED_MOUNTAIN_ENTOMBED_CITY_-_OUTSKIRTS'),
		('CIVILIZATION_K0_MONDSTADT', 'NAMED_MOUNTAIN_STARGLOW_CAVERN'),
		('CIVILIZATION_K0_MONDSTADT', 'NAMED_MOUNTAIN_SKYFROST_NAIL'),
		('CIVILIZATION_K0_MONDSTADT', 'NAMED_MOUNTAIN_BRIGHTCROWN_MOUNTAINS');


insert into NamedLakes (NamedLakeType, Name)
values  ('NAMED_LAKE_CIDER_LAKE', 'LOC_NAMED_LAKE_CIDER_LAKE'),
		('NAMED_LAKE_STARFELL_LAKE', 'LOC_NAMED_LAKE_STARFELL_LAKE');

insert into NamedLakeCivilizations (CivilizationType, NamedLakeType)
values  ('CIVILIZATION_K0_MONDSTADT', 'NAMED_LAKE_CIDER_LAKE'),
		('CIVILIZATION_K0_MONDSTADT', 'NAMED_LAKE_STARFELL_LAKE');


insert into NamedSeas (NamedSeaType, Name)
values ('NAMED_SEA_FALCON_COAST', 'LOC_NAMED_SEA_FALCON_COAST');

insert into NamedSeaCivilizations (CivilizationType, NamedSeaType)
values ('CIVILIZATION_K0_MONDSTADT', 'NAMED_SEA_FALCON_COAST');

--------------------------------------------------------------

insert into CityNames (CivilizationType, CityName)
values  ('CIVILIZATION_K0_MONDSTADT', 'LOC_CITY_NAME_K0_MONDSTADT_1'),
		('CIVILIZATION_K0_MONDSTADT', 'LOC_CITY_NAME_K0_MONDSTADT_2'),
		('CIVILIZATION_K0_MONDSTADT', 'LOC_CITY_NAME_K0_MONDSTADT_3'),
		('CIVILIZATION_K0_MONDSTADT', 'LOC_CITY_NAME_K0_MONDSTADT_4'),
		('CIVILIZATION_K0_MONDSTADT', 'LOC_CITY_NAME_K0_MONDSTADT_5'),
		('CIVILIZATION_K0_MONDSTADT', 'LOC_CITY_NAME_K0_MONDSTADT_6'),
		('CIVILIZATION_K0_MONDSTADT', 'LOC_CITY_NAME_K0_MONDSTADT_7'),
		('CIVILIZATION_K0_MONDSTADT', 'LOC_CITY_NAME_K0_MONDSTADT_8'),
		('CIVILIZATION_K0_MONDSTADT', 'LOC_CITY_NAME_K0_MONDSTADT_9'),
		('CIVILIZATION_K0_MONDSTADT', 'LOC_CITY_NAME_K0_MONDSTADT_10'),
		('CIVILIZATION_K0_MONDSTADT', 'LOC_CITY_NAME_K0_MONDSTADT_11'),
		('CIVILIZATION_K0_MONDSTADT', 'LOC_CITY_NAME_K0_MONDSTADT_12'),
		('CIVILIZATION_K0_MONDSTADT', 'LOC_CITY_NAME_K0_MONDSTADT_13'),
		('CIVILIZATION_K0_MONDSTADT', 'LOC_CITY_NAME_K0_MONDSTADT_14'),
		('CIVILIZATION_K0_MONDSTADT', 'LOC_CITY_NAME_K0_MONDSTADT_15'),
		('CIVILIZATION_K0_MONDSTADT', 'LOC_CITY_NAME_K0_MONDSTADT_16');

insert into CivilizationCitizenNames (CivilizationType, CitizenName, Female)
values  ('CIVILIZATION_K0_MONDSTADT', 'LOC_CITIZEN_K0_MONDSTADT_MALE_1', 0),
		('CIVILIZATION_K0_MONDSTADT', 'LOC_CITIZEN_K0_MONDSTADT_MALE_2', 0),
		('CIVILIZATION_K0_MONDSTADT', 'LOC_CITIZEN_K0_MONDSTADT_MALE_3', 0),
		('CIVILIZATION_K0_MONDSTADT', 'LOC_CITIZEN_K0_MONDSTADT_MALE_4', 0),
		('CIVILIZATION_K0_MONDSTADT', 'LOC_CITIZEN_K0_MONDSTADT_MALE_5', 0),
		('CIVILIZATION_K0_MONDSTADT', 'LOC_CITIZEN_K0_MONDSTADT_MALE_6', 0),
		('CIVILIZATION_K0_MONDSTADT', 'LOC_CITIZEN_K0_MONDSTADT_MALE_7', 0),
		('CIVILIZATION_K0_MONDSTADT', 'LOC_CITIZEN_K0_MONDSTADT_MALE_8', 0),
		('CIVILIZATION_K0_MONDSTADT', 'LOC_CITIZEN_K0_MONDSTADT_MALE_9', 0),
		('CIVILIZATION_K0_MONDSTADT', 'LOC_CITIZEN_K0_MONDSTADT_MALE_10', 0),
		('CIVILIZATION_K0_MONDSTADT', 'LOC_CITIZEN_K0_MONDSTADT_MALE_11', 0),
		('CIVILIZATION_K0_MONDSTADT', 'LOC_CITIZEN_K0_MONDSTADT_MALE_12', 0),
		('CIVILIZATION_K0_MONDSTADT', 'LOC_CITIZEN_K0_MONDSTADT_MALE_13', 0),
		('CIVILIZATION_K0_MONDSTADT', 'LOC_CITIZEN_K0_MONDSTADT_MALE_14', 0),
		('CIVILIZATION_K0_MONDSTADT', 'LOC_CITIZEN_K0_MONDSTADT_MALE_15', 0),
		('CIVILIZATION_K0_MONDSTADT', 'LOC_CITIZEN_K0_MONDSTADT_MALE_16', 0),
		('CIVILIZATION_K0_MONDSTADT', 'LOC_CITIZEN_K0_MONDSTADT_MALE_17', 0),
		('CIVILIZATION_K0_MONDSTADT', 'LOC_CITIZEN_K0_MONDSTADT_FEMALE_1', 1),
		('CIVILIZATION_K0_MONDSTADT', 'LOC_CITIZEN_K0_MONDSTADT_FEMALE_2', 1),
		('CIVILIZATION_K0_MONDSTADT', 'LOC_CITIZEN_K0_MONDSTADT_FEMALE_3', 1),
		('CIVILIZATION_K0_MONDSTADT', 'LOC_CITIZEN_K0_MONDSTADT_FEMALE_4', 1),
		('CIVILIZATION_K0_MONDSTADT', 'LOC_CITIZEN_K0_MONDSTADT_FEMALE_5', 1),
		('CIVILIZATION_K0_MONDSTADT', 'LOC_CITIZEN_K0_MONDSTADT_FEMALE_6', 1),
		('CIVILIZATION_K0_MONDSTADT', 'LOC_CITIZEN_K0_MONDSTADT_FEMALE_7', 1),
		('CIVILIZATION_K0_MONDSTADT', 'LOC_CITIZEN_K0_MONDSTADT_FEMALE_8', 1),
		('CIVILIZATION_K0_MONDSTADT', 'LOC_CITIZEN_K0_MONDSTADT_FEMALE_9', 1),
		('CIVILIZATION_K0_MONDSTADT', 'LOC_CITIZEN_K0_MONDSTADT_FEMALE_10', 1),
		('CIVILIZATION_K0_MONDSTADT', 'LOC_CITIZEN_K0_MONDSTADT_FEMALE_11', 1);

insert into CivilizationInfo (CivilizationType, Header, Caption, SortIndex)
values  ('CIVILIZATION_K0_MONDSTADT', 'LOC_CIVINFO_LOCATION', 'LOC_CIVINFO_K0_MONDSTADT_LOCATION', 10),
		('CIVILIZATION_K0_MONDSTADT', 'LOC_CIVINFO_SIZE', 'LOC_CIVINFO_K0_MONDSTADT_SIZE', 20),
		('CIVILIZATION_K0_MONDSTADT', 'LOC_CIVINFO_POPULATION', 'LOC_CIVINFO_K0_MONDSTADT_POPULATION', 30),
		('CIVILIZATION_K0_MONDSTADT', 'LOC_CIVINFO_CAPITAL', 'LOC_CIVINFO_K0_MONDSTADT_CAPITAL', 40);

--------------------------------------------------------------

insert into StartBiasTerrains (CivilizationType, TerrainType, Tier)
values  ('CIVILIZATION_K0_MONDSTADT', 'TERRAIN_PLAINS', 1),
		('CIVILIZATION_K0_MONDSTADT', 'TERRAIN_PLAINS_HILLS', 2),
		('CIVILIZATION_K0_MONDSTADT', 'TERRAIN_PLAINS_MOUNTAIN', 3),
		('CIVILIZATION_K0_MONDSTADT', 'TERRAIN_COAST', 2);

insert into StartBiasFeatures (CivilizationType, FeatureType, Tier)
values  ('CIVILIZATION_K0_MONDSTADT', 'FEATURE_FOREST', 3);

insert into StartBiasRivers (CivilizationType, Tier)
values ('CIVILIZATION_K0_MONDSTADT', 3);